refractive index,sodium oxide,magnesium oxide,aluminum oxide,silcon oxide,potassium oxide,calcium oxide,barium oxide,iron oxide,type
1.51761,13.64,4.49,1.10,71.78,0.06,8.75,0.00,0.00,1
1.51761,13.89,3.60,1.36,72.73,0.48,7.83,0.00,0.00,1
1.51618,13.53,3.55,1.54,72.99,0.39,7.78,0.00,0.00,1
1.51766,13.21,3.69,1.29,72.61,0.57,8.22,0.00,0.00,1